Gender,Percent_10th,Percent_12th,Undergrad_Percent,Specialization,Placement_Status
Male,65.51904129899057,72.33966601845405,92.56617189410436,IT,Not Placed
Female,68.65174319403738,91.84951826443418,61.778360025248745,Marketing,Placed
Female,76.24852211271322,61.091201525499805,87.9091734946939,IT,Placed
Male,87.52975114644937,74.69726278311006,81.69125565776118,IT,Not Placed
Female,66.67537328956377,96.48093697233773,97.75630172362818,Finance,Placed
Female,96.20793833103818,83.36073533933374,63.01232886458804,IT,Not Placed
Female,93.11592734179513,89.90395098779987,57.71388888290018,Finance,Placed
Female,52.434514798776426,77.54969850927431,65.606050764085,Marketing,Not Placed
Female,62.68212621284114,99.0233229420315,62.897938909895935,Finance,Placed
Female,72.3067756329601,79.43310773407372,87.84163802367564,Marketing,Placed
Female,55.231394437123704,52.27553569812957,86.65546519233992,Marketing,Placed
Male,67.42379945167485,59.899139996989746,83.4842450427667,Finance,Placed
Male,87.00487628088413,70.2386814478574,60.818955722924386,Finance,Placed
Female,84.0257240571413,80.06385862868882,93.09034037195448,IT,Placed
Male,81.11922142830025,88.59654337044799,97.82857779294639,Finance,Not Placed
Male,85.52642013611728,70.65430629519432,76.58029090543222,Marketing,Placed
Male,60.246184347985086,85.50291525078444,82.46863653146929,IT,Not Placed
Male,67.0849057432366,89.49347515545625,75.0346049510281,Finance,Placed
Male,83.81212411387315,65.86300986249914,64.17788575513019,IT,Placed
Female,93.96173815156635,98.96351200179092,64.3073801998302,IT,Placed
Male,77.18390269140477,82.48282476179178,65.67102613674565,Marketing,Not Placed
Female,64.13498254727683,94.04990303930656,59.5425002082077,Marketing,Placed
Female,51.51176290029913,77.79688444043033,95.09618163146588,Marketing,Not Placed
Male,85.51684144871066,87.08015535761618,92.91990670233429,Finance,Not Placed
Male,50.394205175422016,88.52720308081827,73.08196806594184,Marketing,Not Placed
Female,68.63395349104978,95.41241896172895,68.36257062800853,IT,Placed
Female,76.5268607281391,57.51748784356852,96.95391782735493,Marketing,Not Placed
Female,96.10557308835965,77.91417120846242,61.118673461640505,IT,Placed
Female,54.47472725164501,71.41892565529281,77.67709797334008,Marketing,Placed
Male,70.2971160984142,96.15795105868702,52.72490777710813,IT,Not Placed
Female,51.21565998550789,55.25473471244996,59.56010985087245,Finance,Placed
Male,67.13054921707952,99.12869443404564,80.20134666797549,IT,Not Placed
Female,81.11155294198974,93.77256620466481,83.10918264220848,IT,Not Placed
Male,63.95339741142992,53.69131407821243,79.04979093366198,Finance,Placed
Female,60.487497482781755,74.54831927702372,93.4800707999645,Finance,Not Placed
Female,55.78516166635468,85.8779750106263,99.67026104113735,Marketing,Placed
Male,78.85701220101708,86.90757728455281,88.19309210764555,Marketing,Not Placed
Female,84.76350029523431,95.32470626189604,73.25458920718793,Finance,Placed
Female,83.59785702979111,89.99327177911555,91.69673347270513,Finance,Placed
Male,97.44305103602537,65.54651901720447,56.01936970830008,Finance,Not Placed
Male,50.135160694675136,74.92173929312261,84.1635348222965,Marketing,Not Placed
Female,82.3598326947018,85.08928814679271,75.9168893726717,Marketing,Placed
Male,80.01961185488199,56.92184206821757,58.90329431278592,Finance,Not Placed
Female,79.4369804985144,59.699539880009866,98.6466808640107,Finance,Placed
Female,98.13851599201212,74.05212240549363,66.92187098893737,IT,Placed
Female,50.843583668501985,64.91228993527564,80.77117029816917,Finance,Not Placed
Female,84.8241215350725,93.12796248920475,93.92971187624761,Marketing,Placed
Female,90.68393248509318,79.3138660760309,75.33444219574103,Marketing,Placed
Male,75.4903598310792,67.43325988591839,55.75689250882159,Finance,Placed
Female,66.69824347984046,92.4416512802205,90.9369542173645,Marketing,Not Placed
Male,89.54200816137025,90.24392242771194,67.66068835294003,Finance,Placed
Female,54.862146281621236,99.91774385496348,99.15334344459194,IT,Not Placed
Female,72.10178188649627,92.36538441668674,94.1912723222279,Marketing,Placed
Female,75.99761872854191,70.72282674028398,92.67246666744786,Marketing,Placed
Female,84.69782054672737,56.374944088499426,67.81265887689497,Finance,Not Placed
Male,54.54428660162047,92.0320454100239,87.85648889045328,Finance,Placed
Female,61.38797507689305,52.9878958980197,99.31645315007944,Marketing,Placed
Male,70.51507813450628,67.5135603672427,76.31608059756657,Finance,Placed
Male,81.16473365100653,95.98689903856369,73.53660774776158,Marketing,Not Placed
Female,94.34803906087087,98.03832367225503,50.73329104860354,IT,Not Placed
Female,80.94130841206882,82.02822967606093,85.01018843674682,IT,Placed
Male,56.67307354674672,84.43241584918567,92.92387843009271,Marketing,Placed
Female,99.02900663936413,52.12272443627612,62.3728593040915,Finance,Not Placed
Male,93.58928673777464,75.7240170544774,65.75122885573285,Marketing,Not Placed
Female,75.1360380572662,77.34340894031706,75.03385106630782,Finance,Not Placed
Male,96.11739908983165,67.00503730620555,53.60400786807584,Marketing,Placed
Male,77.06903968785679,53.42984173769422,54.48212380493685,IT,Placed
Male,96.16530339445816,61.4453799862197,71.05553794440404,IT,Placed
Male,91.49486843016716,67.89919684305981,63.06094763517108,IT,Not Placed
Male,98.41432051471486,71.75709932581648,70.30186512663843,IT,Not Placed
Female,95.98914053890792,79.54633627667846,72.7193149049969,Marketing,Not Placed
Female,51.80169087142848,86.11957593491182,98.81366983695591,IT,Not Placed
Male,58.738600208046996,65.8815936636973,97.21299100514187,Finance,Not Placed
Male,69.45673385505928,66.44768799594915,56.9865075769883,IT,Not Placed
Male,97.60713486477104,50.98458213618519,94.12929868661232,Finance,Not Placed
Female,65.00144597379648,52.043743004700914,54.01033311650393,IT,Placed
Female,58.02338219438005,62.89108471542682,75.3817734858877,Finance,Placed
Male,94.31523330432799,87.01224988374784,58.19549500548827,IT,Placed
Female,72.31972077416015,81.41569151869561,68.2946072678467,Marketing,Not Placed
Male,95.39377971771631,88.48945103389173,87.16701128243324,IT,Not Placed
Male,58.011523316007164,88.44597181074109,71.2252739678425,IT,Not Placed
Female,83.05587557540497,92.82837338346506,90.34756437856669,Marketing,Placed
Male,72.01318764147459,86.01596329934418,85.9407855518771,IT,Not Placed
Female,53.82433845151427,98.95054595004115,97.14197231055081,Marketing,Placed
Female,84.82315723262502,94.94126096509086,76.70780102929386,Finance,Placed
Female,62.369937776957684,79.33585831116172,90.10739769938976,Finance,Placed
Female,51.98077612897588,79.40788352455859,66.1453553168526,Marketing,Not Placed
Female,52.99721491247866,51.71335201761148,67.28729225449322,Marketing,Placed
Female,53.05392685333937,99.92632888541772,70.02552317907526,Marketing,Placed
Male,95.38664787425196,56.57879986830709,70.54578671490445,Marketing,Not Placed
Female,86.99419589145505,87.0173598315796,55.162661033298725,Marketing,Not Placed
Female,94.90311786068676,91.05075975621544,75.95494696659318,IT,Placed
Male,83.62911556482607,68.65272646526016,54.84016096345128,IT,Placed
Male,76.44699645154415,59.842602733265686,94.48810679098821,Marketing,Not Placed
Female,65.22231821736891,54.93799433952775,53.092239161164656,IT,Not Placed
Male,99.89811256643367,87.43030029147889,72.48472151546544,Marketing,Placed
Male,68.10945294696947,72.63267646028478,64.23470331952153,Finance,Placed
Female,73.53244746069548,85.68588795005678,57.74347078272395,Marketing,Not Placed
Female,68.91225874617308,95.77038244259003,89.19183454211061,Marketing,Not Placed
Male,98.97634646677292,57.32918680755284,85.74661994597628,Finance,Not Placed
Female,58.73291926975029,95.95855003618999,57.29739450907566,Marketing,Not Placed
Male,66.39940004540398,70.58132297542184,81.6382820553155,Finance,Placed
Male,84.01743330075007,65.26335049486445,89.6277583665223,Finance,Placed
Female,53.16038091693153,97.15311303013895,88.66661101849434,Finance,Not Placed
Male,80.36246870057705,99.53258463031997,54.61397988316808,Marketing,Placed
Male,73.88232514382081,59.94461088837241,84.27563595228881,Finance,Not Placed
Male,64.19999883810506,82.84191734759916,85.80119604417885,Finance,Placed
Female,61.9206640462029,55.324765688553015,93.10831335210136,Marketing,Placed
Female,75.72563716493784,82.54570019287529,75.40221694324933,Finance,Not Placed
Male,68.39637902685206,91.36566138879249,73.05470001516787,Marketing,Not Placed
Female,72.82599456313277,84.22492732620339,98.25581624597349,Marketing,Not Placed
Male,66.87386908821199,70.8666571031298,89.82561278693768,Marketing,Placed
Male,98.52468467979888,69.15331797818848,77.93654954032445,Marketing,Not Placed
Male,56.6719715872802,69.65612076117085,66.53085356556397,IT,Not Placed
Male,54.84019765891871,79.48559089964616,92.26189980017554,Finance,Placed
Male,67.16958643954581,94.07836350362479,72.77181947322023,Marketing,Placed
Female,79.55134504352456,96.4533078634384,54.634259607908035,Finance,Placed
Male,82.9588235925014,52.676481010365904,72.74521363567199,Finance,Placed
Female,69.8628373584021,59.081119732284414,93.59841980750731,IT,Placed
Male,99.96389969610856,55.61121579141442,72.41410734472227,IT,Not Placed
Female,67.59464980965213,59.6667320383457,50.717457387017504,IT,Not Placed
Female,86.07033339799762,67.33039053045859,80.57426619582348,Finance,Not Placed
Female,81.87913472653965,75.3265841311312,99.79150017056993,Finance,Placed
Female,90.65269316237303,81.47306135045761,90.8624292020256,Marketing,Not Placed
Female,98.81128317269099,86.60711095698508,80.8618973309074,Finance,Placed
Male,94.48968282227702,94.50557706929035,95.71994433989425,IT,Placed
Female,88.22809871788543,99.45442186148954,90.67908408255309,Finance,Placed
Female,84.91242389091454,83.142823927856,74.93196763700202,IT,Placed
Female,66.77490848379497,92.26822593338815,79.56101427036909,IT,Not Placed
Female,57.38427891033537,88.90194234623495,86.564640460151,IT,Placed
Male,53.131800152990486,65.3766019609356,92.32130819894323,IT,Not Placed
Female,62.095085210074245,93.78461351174616,52.90882011883557,IT,Not Placed
Female,71.61407405906493,52.13815689738994,88.74019285805755,IT,Not Placed
Male,76.09981368149913,50.01836718757289,72.3751719989101,IT,Placed
Male,88.65417770274358,63.68663146942321,83.03992801507704,Finance,Placed
Female,97.93704615282965,73.10487648137249,88.23165054794251,Finance,Not Placed
Male,55.86602401924055,81.91814475003386,76.97509625137242,Marketing,Not Placed
Male,55.350207009689576,55.08851332722724,57.925742529019956,Marketing,Placed
Male,79.48473615067753,83.65050669174201,70.4763415759133,Marketing,Not Placed
Male,87.26990369736464,90.09079335298472,53.84364968761899,IT,Placed
Female,92.40751901734924,59.26564597896834,84.46503455776319,Finance,Not Placed
Female,96.79160401083942,70.7562627415897,97.68530909815416,Finance,Not Placed
Male,99.1713121130321,75.99924949766549,89.76264061120935,Finance,Placed
Male,69.9900846112263,72.59035090422404,69.48932113935594,Marketing,Placed
Female,69.01675917637866,89.99149654442354,79.21457480027472,IT,Not Placed
Male,57.39043383486362,98.02611990596654,65.21003379234345,Finance,Placed
Female,84.24672193417797,89.947658200409,77.05227997774824,Marketing,Placed
Female,82.83809792204185,53.89964089379123,65.03634528923202,Marketing,Not Placed
Female,93.10312979256037,90.24677860795636,86.9162378399305,Finance,Not Placed
Female,54.86289973938203,53.32981661177756,62.96707539935127,Finance,Placed
Male,74.8888453912671,61.7985192620785,98.20101952169472,Finance,Placed
Male,79.05409648360316,57.654844841786144,83.09743660867657,Finance,Not Placed
Male,62.07785200199592,59.87595534230427,53.43889238419219,Finance,Placed
Female,58.45127030645806,76.41575635286753,50.538888175284654,Marketing,Placed
Male,92.97904182098108,83.58449288054268,99.85231721025502,Finance,Not Placed
Female,52.92674611177794,73.51606411680206,61.02527891078968,Marketing,Not Placed
Female,73.53104519590364,97.98478195146218,65.62813742285888,Marketing,Placed
Female,55.79170006504427,62.01461600150833,60.42070071010542,Finance,Placed
Male,72.85293806656837,88.15701151273964,96.40508862355912,Finance,Not Placed
Female,98.99811631711546,93.50910892535742,82.6006429834307,Marketing,Not Placed
Male,71.18531767277364,78.10330553773596,75.21931617780554,Finance,Placed
Male,92.85624587522837,72.81112509807765,77.88254072462851,Marketing,Placed
Female,55.86577820915969,79.80922233896219,65.89364236495936,Finance,Placed
Male,63.56260383809321,71.44048850801715,80.70875011819207,IT,Placed
Female,70.18963703336672,77.75969411616848,70.9800181727466,Finance,Not Placed
Female,69.99060700046654,70.84669760644007,59.96140732120896,Finance,Placed
Male,83.56917393350766,70.0234855147067,82.83025498549407,IT,Placed
Male,67.23590636877537,84.76732340697649,68.69202846296061,IT,Not Placed
Female,85.68834342050081,54.6425606533984,89.25331895585808,Finance,Not Placed
Male,81.95934496126962,58.32710363644104,70.76974787547636,Finance,Not Placed
Female,69.95805726273866,92.5599235857502,75.41356875230981,IT,Not Placed
Male,71.58800638271596,88.55386734075941,89.37332395904482,Marketing,Not Placed
Female,80.72638499051604,64.07268636471969,72.39390464598655,IT,Placed
Male,53.502109507232234,68.863446633288,98.31105675620822,Finance,Not Placed
Female,91.12033691778451,96.30132533142402,89.65143335975559,IT,Not Placed
Male,82.67105805568184,90.90386125869307,91.32152026574893,IT,Placed
Female,86.31712322089176,80.71731499898155,97.69602333518638,Finance,Placed
Male,76.84615005411952,61.07450894014789,69.44253144216037,IT,Not Placed
Male,55.52385554958724,52.21259856576348,79.00401320910854,Marketing,Placed
Male,70.2517806648475,71.56289234209491,84.67958703978017,IT,Placed
Female,70.2686791424278,83.6313569628731,83.67292417703155,IT,Not Placed
Male,66.05214950216084,91.42402452589258,97.64683972805098,IT,Not Placed
Female,51.49751624523747,92.63445028711347,64.41743169391673,IT,Not Placed
Male,86.86271212982388,51.638795064668166,64.5680764312996,Marketing,Not Placed
Female,55.48922290312503,62.20785169184397,95.90022010195733,Finance,Placed
Male,80.31540665225425,66.95472942387015,89.96528208632799,Finance,Not Placed
Male,85.16087482336079,59.436610547969295,60.16783120347989,Finance,Placed
Male,81.73931614668473,90.14876891819189,78.50234390463838,Finance,Placed
Male,97.95711259889875,88.37328815424712,87.28818670481641,Finance,Not Placed
Male,55.16490775425693,75.84165201904854,67.65181952237546,Finance,Placed
Female,93.35835795525995,99.14632389979278,71.71911256106951,Finance,Not Placed
Male,51.45951174244566,57.202927054542116,78.76983058304465,Marketing,Placed
Male,76.7458427463542,94.98258516638344,73.35542787741053,IT,Not Placed
Female,70.21218089696293,55.82316270809581,87.65211950345164,IT,Placed
Male,76.20919301968792,58.15908527570603,50.296937684153484,Finance,Not Placed
Male,68.25499385300049,84.81096001253094,71.73162621955252,Finance,Not Placed
Male,59.5283457470034,55.478484602084464,66.87906876644358,IT,Placed
Female,50.956144872434486,78.29225477093554,80.45820264149134,IT,Not Placed
Male,75.90749068955871,71.01167682363268,88.79792209406799,IT,Not Placed
Male,92.13884313424211,86.42369827705073,53.80725811007651,Marketing,Placed
Female,68.66079778723972,95.03376194044326,57.90298668005962,Finance,Placed
Male,61.14319090074901,88.49357573345276,83.25408120710166,Finance,Placed
Female,54.0266001735922,92.48449382105942,86.92012205077086,Finance,Placed
Male,54.26554615593517,51.64727242656162,79.41008885394177,Marketing,Placed
Male,61.069822314638614,65.50977491221016,99.14016744839631,IT,Not Placed
Female,55.00070304607776,75.77165433431662,74.97307445532873,Finance,Placed
Female,63.2519849182241,70.79766573148898,56.81461675488218,IT,Not Placed
Male,53.307473105847734,61.56274764898443,84.314553018554,Finance,Not Placed
Male,53.280243360496286,65.39370489800116,80.1037761097399,IT,Placed
Male,92.81380898113909,97.27154851958028,79.52107375151317,Marketing,Not Placed
Female,58.10601303544166,64.70904399356758,77.29268176231992,Finance,Not Placed
Female,77.9841202911724,67.69520550898929,96.95478547747695,Finance,Not Placed
Male,88.67277722245153,50.185488687500936,56.4578198413279,IT,Not Placed
Male,72.82047826695333,92.25388136389373,53.659864926248915,Finance,Not Placed
Male,57.66844389296729,57.74203517007883,57.70585846886599,Marketing,Placed
Male,59.979807106005715,60.2072137756863,62.24951049524752,IT,Not Placed
Male,71.64921031405903,62.76322585460128,79.64731597182346,Finance,Not Placed
Female,76.41170445892679,94.23110284224214,80.62126245483671,IT,Placed
Male,67.47201460242674,60.32257056231573,61.63009387285422,IT,Not Placed
Female,89.07398001173307,89.87631804339699,74.46127496554688,Finance,Not Placed
Male,87.55108244281992,90.40246701614522,74.10309263838674,IT,Not Placed
Male,96.36059036865589,96.35102843931979,72.65553831426125,IT,Placed
Male,51.447627451348026,55.7780656800157,90.1772647456329,IT,Placed
Female,94.78456456051018,60.86394861689156,73.58465349378159,Marketing,Placed
Female,69.62843942310755,87.14491460403607,87.9182747978083,Marketing,Not Placed
Female,93.9186247689997,59.800037714036954,58.324056590239906,Marketing,Not Placed
Male,84.53923880782648,64.31647734367245,76.5983672036584,Finance,Placed
Male,99.36743785369842,58.33707900556813,91.20523880315977,IT,Placed
Female,87.9641225858334,58.63483430775246,58.88582919581288,Finance,Not Placed
Female,68.22723129983933,74.07766773141029,73.24610843488311,Finance,Not Placed
Female,75.05315864173761,55.48415310564793,80.45396580178584,Marketing,Not Placed
Female,68.81945775971757,66.08488092318112,59.238728741864364,Marketing,Not Placed
Male,68.2455918010619,71.32969547994395,87.83828029557014,IT,Not Placed
Male,63.04522496905299,51.22740582619888,53.94981238981587,Finance,Not Placed
Male,74.79851476867348,69.41665832372263,97.32077544538595,Finance,Placed
Female,84.08699725346807,54.706121804275845,73.41107471090679,IT,Placed
Female,63.86701356526218,74.67892655730884,66.80615431827383,Marketing,Not Placed
Male,76.218990553861,91.28690942785482,55.84035035813202,Marketing,Placed
Female,55.86901470852786,90.92110810908936,71.62983215339324,Marketing,Not Placed
Male,57.99226434270957,54.02242577687002,82.99020146953859,Marketing,Placed
Male,52.34031773560944,80.06138788372601,54.7243639571192,IT,Placed
Female,98.53657213853164,91.72931909856183,65.31345475838742,IT,Not Placed
Male,50.19301757551305,61.89862714673177,91.80087913863557,IT,Not Placed
Female,58.92899840288281,88.09632557247996,82.30905127991636,IT,Not Placed
Female,80.64333765584962,94.53821732250466,60.3186505928812,IT,Not Placed
Female,54.06847994266526,90.3062075720222,58.04548978965446,Marketing,Not Placed
Female,94.09482515484162,55.365051575775226,95.22425131004499,Marketing,Not Placed
Male,85.9810078921144,50.452999976119244,64.35101106704921,Finance,Not Placed
Male,98.31949857189467,59.58620549609228,58.97500844493152,Marketing,Not Placed
Male,75.38177736203824,63.523867047331166,99.99820092713011,Finance,Placed
Female,65.02018415792436,80.80914953079798,65.45959138889529,Marketing,Placed
Female,77.47502863976356,69.21365876211593,56.23700939046819,Marketing,Not Placed
Female,96.54093586489866,85.17035153307367,73.08788148764735,IT,Not Placed
Male,76.03807186209303,67.65374802608042,71.7172555099241,Marketing,Placed
Female,63.36035159311594,57.72127123273002,96.34012379151656,Finance,Placed
Female,93.86993945870597,65.63449217430176,56.710247373815236,IT,Not Placed
Female,68.59593742562306,94.21621131945675,54.55682030646534,IT,Placed
Female,50.069167499949955,97.92661721225323,54.648933545334,Marketing,Not Placed
Male,62.3842511246158,60.37563670336842,95.21437329111183,IT,Not Placed
Male,65.91167545885313,89.42341935122207,72.46845889805385,Finance,Not Placed
Female,92.93887341159511,63.66743682699354,57.53032640776129,Finance,Not Placed
Female,72.92515835332225,94.35657717157038,79.69150491896453,Finance,Placed
Male,72.22936439056504,58.27728063981277,76.88116778254161,Finance,Not Placed
Male,66.80511331999438,83.29799593470284,59.92033738744497,IT,Not Placed
Male,94.03390615235398,54.21056323565912,80.15190697131855,Finance,Placed
Female,97.25133884701957,98.69466619869348,67.01156171584728,Finance,Not Placed
Female,99.59451645773146,85.03166723202713,61.918538386543496,Finance,Placed
Male,68.83706334804934,92.09078697025427,75.52003054495141,Marketing,Not Placed
Female,98.30737228135857,78.33346696815173,64.58246307581938,Marketing,Not Placed
Female,89.59397848154507,73.84006819644301,61.10699608806066,IT,Placed
Female,83.78445738221333,81.09411956971826,93.9861204149837,Finance,Placed
Female,62.24447397100497,76.4370755849724,57.788128828670864,IT,Not Placed
Female,60.82286304721049,73.46921775725765,64.02949886424162,Marketing,Placed
Male,58.302391226062284,87.97251257288214,69.30691899249129,Marketing,Not Placed
Male,96.13783051126828,58.91004774696341,63.681915515001144,IT,Placed
Male,64.7038331191583,58.558602407757924,60.53553212888848,Marketing,Not Placed
Female,72.65471227244393,71.59213253248531,88.5573048527294,Finance,Not Placed
Male,74.69789169936118,66.0373958022473,66.45080793617907,Marketing,Not Placed
Female,88.90857977251271,53.70622589565121,55.625647884966924,Finance,Placed
Male,92.21174807765121,92.22352462093673,77.04475812283479,Marketing,Placed
Female,56.95363505743064,88.5801403347175,56.27442486182051,Marketing,Not Placed
Female,71.34521801055368,77.19607499014924,67.8759803720464,IT,Not Placed
Male,92.14274439177285,98.96622686321845,94.0913381136142,Marketing,Not Placed
Male,90.90166528779193,53.630003327380265,68.45805975531098,IT,Not Placed
Male,55.12068792262082,88.33346505139374,81.6254487144125,Finance,Placed
Female,57.81916744339815,63.31851958045484,75.73127680043156,IT,Not Placed
Male,65.2099345799704,68.42994599717878,56.88624228889878,Marketing,Not Placed
Male,53.767953454167014,60.96396926015338,82.45347988954177,Finance,Not Placed
Female,71.23315014202964,89.45189457309326,92.80174984669031,IT,Not Placed
Female,55.38088525747909,57.212005101078304,54.6606237022672,IT,Placed
Female,78.41087968349225,92.0008348867639,87.68400445648957,IT,Not Placed
Female,62.3278469905578,83.07888241149169,84.5105640759489,IT,Not Placed
Male,79.82165326748114,52.951162263455736,93.33302874985729,Marketing,Not Placed
Female,55.87628214518188,90.54908658000767,55.20459660667335,Finance,Not Placed
Male,98.79419342092666,81.38778580814898,65.28476896983393,IT,Not Placed
Male,96.62806019286703,95.24911597891708,84.71457436131871,IT,Not Placed
Male,69.58984692823329,87.43611532043191,51.10089894433251,IT,Placed
Male,62.108929706304274,78.05604637148875,86.70378388652443,Marketing,Placed
Female,62.51991064267864,91.82735903095988,92.89892895005605,Marketing,Placed
Female,74.1696767601196,63.902511915061105,72.66520261883788,IT,Not Placed
Female,51.99964009503585,77.34750309222818,71.71649517133261,IT,Placed
Male,81.98525530375635,64.68084099017051,63.9234481034683,Finance,Not Placed
Female,70.41514541698724,98.41021955452544,50.25259350025436,Finance,Not Placed
Male,68.87032862944437,61.30981504210032,59.3151758333178,Marketing,Placed
Male,90.46824857445992,50.786911983523126,98.99320592111856,IT,Placed
Female,85.4517730091645,66.29274210018981,93.36430385606783,Marketing,Not Placed
Female,97.7166907696346,75.12546984849024,63.32523193744607,IT,Placed
Female,67.59681202478454,51.41814671150375,98.18744285605231,Finance,Placed
Female,94.87713823247027,77.96241500169538,68.38563079766429,Finance,Not Placed
Female,88.49835931250445,93.7141387475615,64.879268737559,Marketing,Not Placed
Female,67.87123257973565,85.23660972083351,57.64038177249426,Marketing,Not Placed
Male,81.0832718226629,81.14841614891522,95.0805534755337,Marketing,Placed
Male,64.42849788258478,97.79808753541256,99.34962455334296,Finance,Placed
Female,93.71999585374212,97.91396669210529,66.37057020263413,IT,Placed
Female,55.62136586061556,91.21332348516142,85.17152116792134,IT,Not Placed
Female,60.62171806470205,80.38709236929255,66.76517049047773,Marketing,Not Placed
Female,59.15166460399605,74.38822797488534,55.24953696527276,IT,Placed
Female,70.15130012021443,50.665805662323365,69.6346153441162,IT,Placed
Female,87.26164800160646,80.31309531132707,77.5784980380588,Marketing,Placed
Female,76.34537245260901,99.45440376784268,56.15083795882471,Finance,Placed
Female,74.38381617691039,90.90505250120145,90.91363873948805,Marketing,Not Placed
Female,50.02729824484978,67.0302321942176,74.86815584466447,Marketing,Placed
Female,71.27008626775273,57.6023512522211,61.71914762522865,Marketing,Placed
Male,53.17768874180792,89.2029307233577,79.63797892714717,IT,Not Placed
Male,60.41266260607419,87.19689103158709,89.6629653027201,Marketing,Not Placed
Male,96.61969694802471,98.35233959896615,66.38121745259879,Marketing,Placed
Male,60.76991021716191,93.74211809696695,85.07381622002973,Finance,Placed
Female,92.91688193171312,77.78313126362036,71.39295899903436,Finance,Not Placed
Female,90.14466857806671,55.064212348237106,98.20255844228004,Marketing,Placed
Female,57.957311847112145,74.175032919198,88.54700433013659,Finance,Placed
Male,80.28559786351394,65.68475270111585,67.81754512610105,Marketing,Not Placed
Female,55.78309359525066,75.620424101242,50.887397953088104,Finance,Not Placed
Female,86.39440791847557,65.08507873198266,82.87599476902139,Marketing,Placed
Female,81.87311386861033,93.0911495987798,59.89360792924261,Finance,Placed
Female,90.59692808455097,92.21635069914112,56.09395878245664,IT,Not Placed
Female,73.96922746945941,65.77325785835279,96.58882256983969,Finance,Placed
Female,95.74315439166915,79.97906731869975,99.99744851074584,Finance,Not Placed
Female,52.46744733942199,71.50904288195271,63.494441028219256,Marketing,Not Placed
Male,64.64442825135073,95.45463785142816,65.0884276082969,Finance,Placed
Male,85.75262987325834,59.36804507131614,58.24944696190843,Finance,Not Placed
Male,70.90546058740004,84.88642008924796,72.88423879648118,IT,Placed
Male,58.64756771355782,98.51876639186082,93.29218799178739,Marketing,Placed
Female,55.360537271427305,58.76377597815451,85.07529760624388,IT,Not Placed
Female,90.86695557308107,60.09832142121016,92.31657790382938,Marketing,Placed
Male,73.65714892328221,84.68616693361139,61.424082783679026,Marketing,Placed
Female,94.11418359595537,88.9576962262457,86.52280337042401,Marketing,Not Placed
Male,86.66445671583631,74.52745273969664,95.926331419803,Finance,Placed
Male,70.48631028153719,80.48432325735607,64.07080571071953,Marketing,Not Placed
Female,68.67555070778418,60.63412044059144,84.53267717955926,IT,Not Placed
Male,75.78191733256259,73.8307114283663,70.03287058449273,Finance,Placed
Female,94.45299765948644,55.60359404374576,64.51133225794612,Marketing,Not Placed
Male,86.86392898570838,66.07109626378323,98.48117343771747,Marketing,Placed
Female,50.25764821345116,64.23898525154772,67.43166149841463,Finance,Not Placed
Male,84.70789256845629,72.231268005121,55.39248406303437,IT,Not Placed
Male,95.97537034529103,96.50631811218486,69.42946048101678,IT,Placed
Male,85.52278797522459,59.06338310739212,72.38391454799913,Finance,Placed
Male,58.8502890783748,70.06941233123602,87.61054127496189,Finance,Not Placed
Female,74.17590637137293,80.77986095548223,97.49571334735015,Finance,Placed
Female,57.01580089617097,97.3278543037001,90.85284918971064,Finance,Placed
Female,67.9497639169816,56.65740957678841,96.54706556275531,Finance,Placed
Male,96.85585209702589,95.89383084965567,73.75300649874656,Marketing,Not Placed
Female,96.16526537793541,54.05268943170308,85.96582841182172,IT,Not Placed
Male,64.14184260880414,74.03706985801323,65.45247925062012,Finance,Not Placed
Female,66.98155220830995,72.72949336152413,53.4793554259509,Marketing,Placed
Male,80.0106434065647,60.48013644385978,68.27367626629967,Finance,Not Placed
Male,98.159864763019,67.37298340579238,84.89576141641489,IT,Not Placed
Male,57.39006670326952,72.7082634174199,63.73110551240219,IT,Not Placed
Male,62.84583218433345,93.26057314553145,93.07029478207605,IT,Placed
Female,93.67784136453858,97.75320726867798,89.53864249914508,IT,Placed
Female,74.59461158541723,75.94628393185826,59.70212745923015,Marketing,Placed
Female,94.94805461135158,93.5049895147211,66.54183812454033,IT,Placed
Male,59.275894876158816,80.40857928383898,91.2651308774546,Finance,Not Placed
Female,76.63342937356803,67.45436709938377,62.19688947556497,IT,Not Placed
Male,66.31348163246862,59.70971038067346,66.58010728335654,Marketing,Placed
Male,65.8271279946238,70.65673858913824,67.15334662115434,IT,Not Placed
Female,72.34384819730995,76.14121414619238,90.05210139128835,Finance,Not Placed
Female,71.65387245506342,52.222169412977806,51.85151328025084,Marketing,Placed
Female,67.86734398389773,57.29205829354254,53.68934915607071,Marketing,Not Placed
Male,95.74853851578092,80.009221199072,78.92257740814688,Finance,Not Placed
Female,86.58720927164464,61.2500797338581,69.85559954980333,IT,Placed
Female,86.37734956657648,91.86631880406487,81.64426598053538,IT,Not Placed
Male,64.49567247959777,66.34711248870953,63.323063808969145,IT,Not Placed
Female,78.88547121584202,55.241710362662545,95.47913387407803,IT,Not Placed
Male,88.9589716650917,54.17652942776585,88.0470943587228,IT,Placed
Female,89.77951842716065,96.85615102658898,53.3873110275198,IT,Not Placed
Female,67.22652303771561,55.90101556209396,89.1952738642517,IT,Placed
Male,88.5436378284324,57.045488208103,98.47911861561256,Marketing,Not Placed
Male,86.79469484038665,93.13330289663764,97.12178102937365,IT,Placed
Female,57.075324281095014,62.7144065138672,86.7741899012724,IT,Not Placed
Female,93.29727342832386,83.29757053772082,56.17968767406078,IT,Placed
Male,72.06607350902054,90.83628435149457,78.8038382920227,Finance,Not Placed
Female,74.32052244443327,80.35903200650961,64.21163644202444,IT,Placed
Female,72.41845894489987,97.87442717239247,98.51064718181236,Marketing,Not Placed
Female,78.39230007387538,85.44414496304208,85.87428626808047,IT,Not Placed
Female,81.05846236835274,55.637575495182915,80.53827948937096,Marketing,Placed
Female,74.90897828814717,77.92050132729399,84.75440213023631,Finance,Placed
Female,93.33942716295478,85.9093263044592,71.89895645548403,Finance,Placed
Male,81.38673780976421,90.09786201867226,68.63683757188033,Marketing,Not Placed
Male,70.071397465276,51.31606676420458,96.78997897199821,Marketing,Placed
Female,70.83458784543555,85.94394576357122,66.59635673963433,Finance,Not Placed
Male,90.54193075644757,91.28404105097248,52.071806586635965,Marketing,Not Placed
Female,67.409597137326,87.34169054676782,70.04200770772287,IT,Not Placed
Male,60.572739789120675,75.6174572827799,89.5170176310836,Finance,Placed
Male,52.96915940028946,72.90104815444015,82.42341790244598,Finance,Not Placed
Female,93.8013423960287,77.47092916499079,98.10853877389374,Marketing,Not Placed
Female,95.9273225595175,85.2321849413301,55.310093380956886,IT,Not Placed
Female,56.0060091081738,96.14571453162426,95.57731511146918,IT,Placed
Female,66.72368707480574,80.85176053205625,68.4424596957031,Finance,Not Placed
Female,58.76860347576219,94.39171531417348,73.70012927109562,Marketing,Placed
Male,55.79492344129399,85.06284237228637,71.42410772446172,IT,Placed
Female,94.99333715000151,53.41681887194238,55.82261405462207,IT,Not Placed
Female,52.843862957267774,75.04140950008109,62.38982278625944,Marketing,Placed
Female,99.02428317345034,64.32431741576212,87.1135784614896,Marketing,Placed
Male,54.82254303486921,64.25874640662862,51.15037709228476,Finance,Not Placed
Male,93.17353245967928,67.79637756079921,56.69438871931373,IT,Placed
Female,78.32530534945813,65.73663860002378,51.2605084395675,Finance,Placed
Female,68.39587439089367,78.93049900585501,92.86940286617747,Finance,Not Placed
Male,67.1171188312579,84.18007501767785,80.86624138908898,Marketing,Not Placed
Female,87.86820716188544,63.437469353836775,58.49643310592794,IT,Placed
Female,65.72866475021436,56.48813112841907,88.43861115268768,Marketing,Placed
Female,82.8659458308571,52.94043604672311,98.34002987257769,Marketing,Not Placed
Male,75.866304175804,78.78764225152761,96.7280187265009,Finance,Not Placed
Male,74.24828225790353,59.306508316650124,96.07737739060826,IT,Not Placed
Male,95.05810853245808,50.46239971118497,50.390510770287165,Marketing,Not Placed
Female,77.73225293101298,96.38765396618521,79.45067444926393,Finance,Placed
Male,91.34308015243474,76.85702095416204,62.831630831951465,IT,Not Placed
Male,86.27867670507447,54.62240901234864,78.23236071549294,Marketing,Placed
Male,51.92786230294992,92.14605560637426,65.90151445802773,IT,Placed
Male,88.65550262527097,99.1601369145059,57.68332713863063,Finance,Placed
Male,60.84351250455203,72.43003310088586,72.22468616791733,Finance,Placed
Male,95.15748234257858,52.12448041190791,74.75481635881867,Marketing,Not Placed
Female,52.1462095304416,55.877297037803174,99.48827534238123,Finance,Placed
Female,66.65360172371594,69.0826873322716,52.119394206927005,Finance,Placed
Female,54.9866473617377,94.27613187244386,65.05775994486383,Finance,Placed
Male,73.77945585424219,57.401933963888105,92.59469225441613,IT,Placed
Male,91.00112179348758,91.19950470013478,82.98477490630214,Marketing,Not Placed
Female,64.9093679831532,50.74881301095097,91.3341515922948,Marketing,Placed
Female,57.54674486555208,72.86943493929056,83.01454592798889,Finance,Placed
Female,66.51335178484496,82.21985704752841,87.97681545730664,Finance,Placed
Male,90.6940070960318,53.018974101279824,74.64608749985287,IT,Placed
Female,57.019197889967344,80.73813753082433,60.24388464487988,Marketing,Placed
Male,61.36812245387509,97.22020607347781,90.50019304186,IT,Not Placed
Female,53.4425982246687,58.01299600682975,78.39103273319846,Marketing,Not Placed
Male,85.28550219948039,86.48056915176764,56.975259689341485,Marketing,Placed
Female,69.76166217681684,80.45469489717718,90.24470134354331,IT,Not Placed
Female,65.5419988571658,59.25581944396153,97.92929551812891,IT,Placed
Female,85.9313195170576,50.310170735468304,67.3081936314233,Finance,Not Placed
Male,66.79887711701276,50.46422252529636,64.67561260432217,Marketing,Placed
Female,86.3885636607209,76.60462045860143,54.0887589103783,Finance,Placed
Male,90.75996976571568,97.13897047805968,83.22456132247078,Marketing,Placed
Male,60.88314217288692,82.21493137328062,97.94808092482484,Finance,Placed
Female,98.69093484229916,85.71499231468718,56.79963449958038,Finance,Placed
Male,58.117897395633335,74.69327434602685,74.25798156596578,Marketing,Placed
Female,64.54204533283713,79.09444713172849,54.911909232662396,Finance,Placed
Male,58.98976454167708,56.31837626653017,51.70549518549079,IT,Placed
Male,67.27528281781673,93.84103102003154,83.22505253338227,IT,Placed
Female,74.00304439103778,88.03963143334009,93.38435876717489,Finance,Not Placed
Male,76.10879345010596,99.90994764223048,66.8785268063015,Marketing,Not Placed
Male,92.6803021148136,64.88614737778107,93.78825872050496,Marketing,Not Placed
Male,94.47239544079332,61.35088858980289,55.85265495755159,Marketing,Not Placed
Male,61.00519303904532,56.258082898067144,61.89803409587381,Finance,Placed
Male,81.14470160928762,98.21048783080224,95.08033634533592,IT,Not Placed
Male,55.574802864935776,89.04425923140118,75.4254946845335,Finance,Placed
Male,72.94849300910342,58.316230685981935,80.40961918985121,IT,Not Placed
Male,66.11667690233091,77.6343235554107,51.900911627125396,Finance,Not Placed
Male,65.82503727268032,70.68841040336383,56.419495507394444,Finance,Placed
Female,74.12921208560505,57.57430039030964,52.78954062504266,Marketing,Not Placed
Male,86.49138177646338,58.103649251498275,95.25003699748346,IT,Not Placed
Female,53.45913293961947,98.17349973725928,56.73974819354735,Finance,Placed
Female,93.95866688437022,65.24820914788612,92.48364133043773,IT,Not Placed
Male,86.74068873152805,97.07196458419716,67.55173496862265,Finance,Not Placed
Female,58.824969444453004,53.78053365325422,90.029874818289,IT,Not Placed
Female,96.95804545436852,73.04015211465952,68.25217737283737,Finance,Not Placed
Female,75.31561120116943,56.480952425838005,63.38420198464382,IT,Placed
Male,99.99042890584826,50.23936926205861,54.68303505945286,Marketing,Not Placed
Male,59.86297371503689,77.68830368530382,64.03532952870668,IT,Not Placed
Female,76.74540991916007,55.69470524056817,73.573985835864,Finance,Not Placed
Female,64.51240212799642,86.10122654668399,90.87543994483977,IT,Not Placed
Female,65.20867786946232,84.90581878534498,72.6257477384349,Finance,Not Placed
Female,79.55326904169951,58.81664537322446,98.57177874688088,Marketing,Not Placed
Male,96.08595334354166,97.08710716327583,77.08165054274114,Marketing,Not Placed
Female,90.26319277895875,86.05217042162448,51.24728149057217,Finance,Not Placed
Male,86.1970699250663,64.89851320784649,70.76836500956362,IT,Not Placed
Female,77.95868910508511,85.46168819753953,84.44495536932568,Finance,Placed
Male,96.11492518337238,86.5965138840768,61.71458231249124,IT,Placed
Male,74.6180703345442,67.11131656254803,84.93149754240793,IT,Not Placed
Male,93.6916089167359,68.77942812307296,75.1848652590758,Marketing,Not Placed
Male,91.69908219383159,67.95532538266501,51.28688877915577,Finance,Not Placed
Female,60.69176734007932,80.8309221776037,88.71764747401028,IT,Placed
Female,88.56127314829551,95.02050732700897,78.01868519070376,IT,Not Placed
Female,50.60855784716294,58.65966181142938,54.12467515405467,IT,Placed
Female,66.14147687740437,93.75998049181592,73.76070167311364,Finance,Not Placed
Female,61.47837223459749,51.382657825267124,64.36464408873734,Finance,Not Placed
Male,75.34314792436567,83.01692979891112,93.98407712939665,IT,Not Placed
Female,86.84265808403927,70.72194365948471,64.24635264036243,IT,Placed
Male,54.88381837238621,89.5640776116247,97.08435354870994,IT,Placed
Female,75.74611009683842,86.05990564654515,77.30663746735563,Marketing,Placed
Male,96.92060108471928,74.0053903572592,66.18068547733607,Marketing,Not Placed
Female,61.432327549147274,82.19320183612984,90.67725087087886,IT,Not Placed
Male,83.85705720557121,75.08865653499726,84.8700189182883,IT,Not Placed
Female,79.64401353905788,90.57592353109416,70.69812478479398,Marketing,Not Placed
Female,50.50318478280467,73.8041992984116,81.48091513532965,IT,Not Placed
Male,73.79130979286114,76.15779949960378,88.92921320141406,Finance,Placed
Male,85.43851954705244,62.526029320858925,92.57788971417446,Finance,Placed
Male,52.19877160120453,80.25215084052363,90.82063568570318,Marketing,Placed
Female,93.97607415118651,65.14524043349175,58.3038544296709,IT,Placed
Female,76.00407083178365,78.8642007271491,91.41947762517928,Finance,Not Placed
Female,51.5330524162859,58.483905778703495,52.93145294418861,IT,Not Placed
Male,61.22068059604201,57.97345461705794,60.00853407752843,Marketing,Placed
Male,97.68378482136565,70.85148705959968,81.14633600329945,IT,Not Placed
Female,79.11598665260277,71.34097575552704,55.73462627234522,IT,Not Placed
Male,55.373628388440224,63.405463245626954,80.16737975281,IT,Not Placed
Male,64.37722511402808,56.5798425183345,65.39828456817818,Finance,Placed
Female,72.8351812930242,51.96052696069485,71.47332925773242,Finance,Placed
Male,51.047503463386526,51.26159136439081,65.7575751722739,Marketing,Placed
Male,70.58077568068794,63.57751450032379,53.508678393245226,IT,Not Placed
Male,74.4729317717349,73.09267210809685,75.03793764609804,IT,Not Placed
Female,62.18389376406161,86.31216406530635,98.17997221974437,Marketing,Placed
Male,79.43195001459932,73.74358503570045,80.58916740800636,Finance,Placed
Female,87.66200597960884,95.20254097176408,65.00159358085627,Finance,Not Placed
Male,61.79171120528177,51.76099022877035,97.80749170620095,Finance,Placed
Female,81.02499501399939,59.033031077031715,69.46186259761137,IT,Not Placed
Male,81.98111214818708,66.92572463850713,84.87588669344217,Finance,Placed
Female,97.42701505644206,78.87480940325612,81.70564024612221,Marketing,Placed
Female,88.91380836482219,92.63680789469711,97.64554240194258,Finance,Not Placed
Male,92.4172634895003,67.51009759782882,95.73013472474184,IT,Placed
Male,74.52099542181375,63.399434125221006,57.40020281750156,IT,Not Placed
Female,59.267429348969145,53.094458442144784,54.28429373647112,IT,Placed
Male,99.79076464798175,91.0651738849052,90.48211638994148,IT,Placed
Female,56.46778805193498,68.98332216033396,95.24716066484115,Finance,Not Placed
Male,73.57286596771327,78.57750977084672,74.64868019614497,Finance,Placed
Female,53.40465496210533,99.17777090856103,84.53806369168876,Marketing,Not Placed
Male,97.19254286754098,50.07972853021473,53.48941400892091,IT,Not Placed
Male,98.24624704242197,57.2725070349433,60.990219892823596,Finance,Not Placed
Male,85.96945310019868,88.95554970096777,57.46880973283606,Finance,Placed
Male,67.49964218150845,90.2563742603919,80.0580291775017,IT,Not Placed
Female,62.71912005588122,88.46235595163778,59.87699468830536,Finance,Not Placed
Female,63.26516622685237,76.84994455214147,52.99231577754253,Finance,Placed
Male,56.36470127100374,98.9428490511528,65.11036413680054,IT,Placed
Female,76.29044765383614,69.80922799976602,83.86062145569764,Marketing,Placed
Male,57.09086378507388,80.09718490565561,78.89318621309272,Marketing,Placed
Female,65.83653332767281,53.16845022744241,66.53624827473179,Marketing,Placed
Female,81.33532379795524,70.49287249536694,91.67394379216881,Marketing,Not Placed
Male,86.37718047953749,86.1250043754961,63.81345540060448,Marketing,Placed
Female,51.21363523110306,61.936942038534966,63.027381918284135,Finance,Placed
Male,71.505799218837,97.19137945365742,77.9973705394794,Finance,Placed
Male,82.60622974210696,84.33916838216444,73.91078199228878,Finance,Not Placed
Male,92.66229880792565,64.37876914287857,72.29863303001804,Marketing,Not Placed
Male,73.76623911060412,88.44994613529282,57.78928094770336,Finance,Placed
Male,98.46029358588426,54.15823859040545,75.23230958164956,Marketing,Not Placed
Female,63.28162737707236,98.73872112552283,62.95094586377221,Finance,Placed
Female,50.67543533133595,52.464262953677924,69.60899413095078,Finance,Not Placed
Male,74.18764323508681,96.6727945574359,86.67852238353032,IT,Not Placed
Male,62.8056897510009,62.64269388741306,96.84314127796779,Finance,Placed
Male,91.18588360115847,87.89120538454452,88.69314825946621,Marketing,Not Placed
Male,61.6386336090556,50.003684971655304,70.28169473116318,IT,Not Placed
Female,65.53146091456532,62.71200445897999,79.6516569664382,IT,Not Placed
Female,89.56137155095561,87.45503033248599,87.3248907937852,Finance,Placed
Male,85.75716260126799,76.61680354486612,70.71105250479458,Marketing,Placed
Male,77.90256183286313,55.747607481855745,68.01240794061505,IT,Placed
Female,85.24740309613797,69.68148729186376,56.76216479779316,Finance,Not Placed
Male,70.93184317850132,68.77746775422713,86.81304007379379,Finance,Not Placed
Female,50.26550238073339,78.40811220904749,91.92542954038124,IT,Not Placed
Female,50.56775642560963,83.3988536230109,65.82922055149764,Marketing,Not Placed
Female,75.56108937868433,92.04151212061251,89.17538828212676,Finance,Placed
Female,54.16454898594996,74.86156984886863,80.51065291684938,Finance,Placed
Female,52.55377400846284,69.60108586525851,89.2041523201622,Finance,Not Placed
Female,98.27583195687367,57.19882670476908,70.56686915748321,Marketing,Placed
Female,92.95013198290293,90.24114824948612,87.37881818248033,Marketing,Not Placed
Female,57.60136136047848,85.668520270728,70.4254558948813,Finance,Placed
Female,50.033210929510226,70.43386987273426,54.43789927097264,Finance,Placed
Female,97.08338976948782,75.92161549713347,77.5289459067472,Marketing,Placed
Female,63.916264916005716,83.25914222059444,72.71643631943229,Finance,Placed
Male,59.29488014277487,58.240279492376885,62.64399436007886,Finance,Not Placed
Male,84.57540539157677,51.35988972039601,94.60566674833845,Marketing,Placed
Female,55.44518694206631,65.87518495933428,69.14266527680006,IT,Placed
Female,63.232479900140014,79.77925098180816,51.95630557161407,IT,Not Placed
Female,98.75473401060233,74.33030456407293,69.10678701012952,Finance,Not Placed
Female,81.97313872370052,84.62773134315636,71.22549039501848,Marketing,Not Placed
Male,76.03388957412767,90.98449027872675,93.08188615970799,Finance,Not Placed
Male,69.8959307417469,74.42212333651379,89.95916040525218,Finance,Placed
Female,88.7250477442101,56.71335118589124,59.99832929539622,Finance,Placed
Male,57.047873826184684,92.53139998994828,91.95146129794355,IT,Placed
Male,98.36689010184911,78.74951636370572,62.39636141268326,IT,Not Placed
Female,93.05615040328934,86.99687403914353,67.09670740821466,Finance,Placed
Male,80.88284912846217,85.23323268041457,53.840922698874564,Marketing,Placed
Female,52.14530952012791,98.41058856656208,52.76781565671819,IT,Placed
Male,85.04278247238688,64.7653661167907,84.04300604055688,Marketing,Not Placed
Female,95.66421704427404,85.2653386389631,96.16705422608665,Marketing,Not Placed
Male,76.2288533739313,68.28381665629591,74.65084271189144,Marketing,Placed
Male,67.71124109136314,69.77053604593209,92.20468559792916,Finance,Placed
Female,56.01386724897348,61.52973183293607,89.68756248463266,IT,Placed
Male,87.74505520687842,67.2005087825427,83.23393616906645,Marketing,Placed
Male,94.25109256059031,97.41483758291315,98.91144655588893,Finance,Placed
Male,55.01258720379243,64.62854234738005,90.1093960438193,Finance,Not Placed
Male,87.9492277376171,62.299530297829335,63.74221971071307,Finance,Not Placed
Male,50.85302431295487,79.1568989236911,89.4507123110554,Marketing,Not Placed
Female,98.35274590386098,62.90179783708773,84.63308231419518,Marketing,Not Placed
Male,80.75290103175482,73.66928627971475,69.97602233181757,Finance,Not Placed
Female,77.62195294958165,91.70881282781184,53.83987351135575,IT,Placed
Male,64.7974916794464,61.52001571535878,60.71797648090498,Finance,Placed
Male,96.46458357848917,71.334570609196,89.86189458216775,Marketing,Placed
Female,63.295281366839546,80.5244867510016,62.42426440680246,IT,Not Placed
Female,91.40733066083475,77.28144622867427,99.8928991511674,IT,Not Placed
Female,99.2554339668566,98.73616187076186,84.69940699942723,IT,Placed
Female,89.16983227574029,84.01851271975976,73.8611240358804,Finance,Placed
Male,75.94949601932159,86.997312102422,78.52183451059636,IT,Not Placed
Male,53.303713192583594,98.34779739833667,80.54363617707182,IT,Placed
Female,73.62068945855366,70.72190126142605,98.44724100163117,Marketing,Not Placed
Male,71.91279734858517,67.76899075305256,58.08705973157598,Finance,Not Placed
Female,60.13980205934976,52.19312148831913,63.619790133037725,IT,Not Placed
Female,71.17938183571522,59.210215325941356,85.47955239856219,IT,Placed
Female,67.88789420401693,61.85948160258379,61.99289915717828,Marketing,Not Placed
Female,58.184213057582426,59.17522335356692,93.5648581101025,Marketing,Not Placed
Male,72.0687071666243,87.73919465982823,67.32670878290594,IT,Not Placed
Male,63.13999781622445,76.79414906380558,59.04196999579096,IT,Not Placed
Female,76.10312103411322,83.38169007292336,52.38103804249092,IT,Not Placed
Male,51.75800298580971,91.02310804196868,79.7797520158975,IT,Placed
Male,95.31157098936421,61.53869706429474,91.26410947772759,Finance,Placed
Female,90.8182152759928,66.29619699107496,63.689655557439565,IT,Placed
Female,77.62906662552523,85.41801335182984,95.87697431294102,Finance,Placed
Female,92.59042913786216,69.63794729522364,87.88671350590025,Finance,Placed
Male,98.11975369054002,51.463547005052206,53.06503412493924,IT,Placed
Male,55.52611470263303,71.7477609513439,78.6316498337375,IT,Placed
Male,81.5415904204902,95.41365432077072,78.37204701626328,Marketing,Not Placed
Female,99.89970004678293,70.45107557964374,60.11861524679901,Finance,Not Placed
Female,99.3944584666763,66.61244582213735,66.72721893328608,Finance,Placed
Male,80.16614961453723,99.47625414725135,72.91394467918812,IT,Placed
Female,56.40104352254083,82.22077821185066,52.40389106187092,IT,Not Placed
Male,79.15964154952641,68.29990132355904,57.48882046429439,IT,Not Placed
Male,50.10323177872109,55.10097656819037,58.200219455527936,IT,Not Placed
Male,59.94556673334298,89.39247224732105,68.96178772281954,Marketing,Not Placed
Female,97.806157977998,85.40374667438789,87.36787293382902,IT,Not Placed
Female,66.52202863014219,96.09578996242826,91.56518295486295,Marketing,Not Placed
Male,81.91950528884743,60.86378150140042,58.14245230085194,IT,Placed
Female,64.04297473161213,55.7462174994116,87.59530180033849,IT,Not Placed
Male,97.39109435557947,86.20362632045318,83.53549791940847,Finance,Placed
Female,86.42793649747435,60.16979209993478,94.53436959569392,IT,Placed
Male,66.48255787907063,58.805191889474806,98.4395626972586,Finance,Placed
Male,89.58807105901855,65.9903667698036,56.223030440497055,Finance,Not Placed
Female,55.408276223816884,90.84125707392188,54.03369307104083,IT,Placed
Male,69.61594700327296,76.97683025548153,89.98650644760048,Marketing,Not Placed
Male,61.06090638657962,52.29251775511405,58.10854365429292,Finance,Placed
Male,84.1863223638023,73.19473373296586,59.728726212860344,IT,Placed
Male,55.12231408859652,84.19898056832376,94.10179612629133,Marketing,Placed
Male,69.8512916141337,76.91842192345078,96.94824485512625,Finance,Placed
Female,63.83248651045948,78.6225109078278,65.9235621961487,Finance,Not Placed
Female,75.31714596619021,61.23886641963323,92.1084050218997,Finance,Not Placed
Female,67.49488402519395,92.3869665797674,92.94284547818255,Finance,Placed
Female,85.32052888335055,78.06993587955621,80.26952402510182,Marketing,Placed
Female,51.2288512153483,85.66230065203382,78.30442240315725,Marketing,Not Placed
Female,81.69934606529537,99.09321085066512,78.79192046228049,IT,Placed
Female,61.528564484691,71.40993288372661,65.06445938213614,Finance,Not Placed
Female,63.43545143784247,94.05333063382542,80.94335194694953,Finance,Not Placed
Male,90.01278017917618,50.36405069705625,62.179013555428504,Finance,Not Placed
Male,97.77841969902104,51.670364630756005,58.88161450378044,Finance,Placed
Male,65.82751050135433,79.51399608644084,70.64752272120032,Finance,Placed
Male,91.34026351845378,65.57246977711003,85.28902114922175,Finance,Not Placed
Female,55.199541898561655,62.413828350985014,81.07138436757322,Marketing,Not Placed
Female,81.69908265036916,63.89676786044793,98.24410396698512,Finance,Not Placed
Female,87.55161497674594,65.92014673052938,82.32279556828612,Marketing,Not Placed
Female,57.79889640172283,86.44738480717115,57.065702489796024,IT,Placed
Male,71.30011938347803,78.45979861154723,58.0609106646259,Marketing,Placed
Female,94.63535821244908,89.45179862796667,54.65335700389161,IT,Not Placed
Male,55.17892317241861,91.5098289917526,59.55868824985065,IT,Not Placed
Male,50.90481791007376,92.1467429650641,79.89754503395605,Marketing,Placed
Female,79.52926895239669,70.73220745874437,91.91432375074078,Marketing,Placed
Female,71.77657702654668,71.06366981582053,94.69338260337287,Finance,Not Placed
Female,89.93446244419513,96.3132940070292,70.00219433425242,Finance,Placed
Male,96.17277691020533,83.08817973022053,77.92915142936158,IT,Not Placed
Female,64.9576822271908,54.02335919895694,90.45997960754067,IT,Not Placed
Female,69.42020585845526,77.10934770462342,65.60352605975845,Marketing,Placed
Female,74.31360431646574,67.80036298174535,79.78345022193476,IT,Placed
Male,79.40757302176496,99.37174948581816,58.70412555268328,Finance,Not Placed
Female,99.19269148408084,50.68277032311463,73.82701702590474,Marketing,Placed
Female,84.86651254150257,80.6090436535279,58.65361301817342,Finance,Not Placed
Female,69.47742536727844,86.1811547199429,73.12131951495728,Marketing,Placed
Female,63.188384322523106,64.44533856786776,69.84098458837897,IT,Not Placed
Female,97.2312859211062,98.6820759128266,71.66324117502467,IT,Not Placed
Male,56.77742165542532,92.97683135108556,62.1856113053259,Finance,Placed
Male,86.01329262523791,95.78264204929062,56.802167118925304,IT,Placed
Female,96.26975126462203,50.96160296757743,63.78326639599428,Marketing,Not Placed
Male,83.23327932672194,78.49360756574045,61.979001962195454,Finance,Not Placed
Male,71.15272200830606,64.73251209772734,86.71481012922249,Finance,Placed
Male,59.9495469962742,92.45143174678316,85.84875364907731,IT,Placed
Female,68.37376611259637,81.64248284574812,79.22414968821361,IT,Not Placed
Male,85.34359047100611,76.9438502160555,54.56668990843876,Marketing,Placed
Female,82.47671120876484,55.72940848378028,78.31309271400164,IT,Placed
Male,96.3988083299179,77.01114023930954,53.96185129702989,Finance,Placed
Female,93.34304568296875,81.59520731782133,50.908650963811894,Marketing,Not Placed
Male,90.80753761331842,97.79561546551022,67.62980575688279,Finance,Not Placed
Female,95.57254376753812,79.25255052119348,62.02724595319497,Finance,Placed
Female,63.81685763685247,98.37003008728271,79.73238407165212,Finance,Not Placed
Male,68.47617700698248,98.0803057803331,96.43212440348069,IT,Placed
Female,68.99469518930087,82.51001679167987,85.9926013885596,Marketing,Not Placed
Male,78.02252943548902,75.29539920590443,88.36804309854935,Marketing,Placed
Male,83.41091147713854,73.30108719130247,97.54465551853113,IT,Placed
Male,64.33583415201971,94.51892805578913,81.70455404482838,IT,Placed
Female,50.973123365465014,51.41283414858784,78.88654707049128,IT,Placed
Male,69.96111918289546,55.690409901178576,80.09339879763542,IT,Not Placed
Female,65.42639797772003,55.10358645595759,93.2902628283733,Finance,Not Placed
Male,97.10923595090239,87.84676625605275,69.40495176034925,Finance,Not Placed
Female,94.41325202720218,66.98255119262674,89.7668112694002,IT,Not Placed
Female,93.01553391717098,81.89842723703505,82.61284674885806,Finance,Placed
Male,82.64998804726216,80.18914519212828,65.22857753909817,Finance,Placed
Female,67.21445823494695,69.29139848712659,50.68442054920458,IT,Placed
Female,77.44246336996524,76.57838611211993,60.495999504346,Finance,Placed
Male,90.76125203581864,82.256926678583,84.99943823134305,IT,Not Placed
Female,54.93051843614055,97.04751649390693,78.98451548726175,Marketing,Not Placed
Female,90.05374401276524,78.78170364304907,63.729734991014304,Marketing,Placed
Female,52.05898956640608,80.71837558841571,71.71512357005119,IT,Not Placed
Female,90.82105156071779,53.392790885188774,83.05743827907065,Finance,Not Placed
Female,90.37819020799367,97.61079073800559,56.35430702449485,IT,Not Placed
Male,52.55036544143779,76.40409639546931,71.61397904256083,Marketing,Not Placed
Male,81.3580355730929,90.0636709929961,70.83121074909897,Marketing,Placed
Female,75.12265371564486,52.514553157369456,77.13005100601202,IT,Placed
Female,58.490975158585734,71.04550678685456,76.09568401092476,IT,Placed
Female,57.418946883868784,62.84877295763508,68.38633425339248,IT,Placed
Female,88.66295630335117,63.3487949344295,88.13668144062731,Finance,Not Placed
Male,78.3846374418422,89.57268649804647,53.361451999560686,IT,Placed
Female,99.14995674582661,81.19333626344267,51.776923626717306,IT,Placed
Male,99.1123888644172,71.9872655921424,71.01296697991877,Finance,Placed
Male,99.63334967321332,50.52928697931967,94.83471250854072,Finance,Placed
Female,55.9307759182883,98.2463971472765,63.878467526483455,Marketing,Not Placed
Male,96.91280684819812,98.10116266778618,58.61546623488266,Marketing,Not Placed
Female,62.22848045102814,60.87761051400192,96.41041971646881,IT,Not Placed
Male,72.9106129879306,52.06731861582784,58.41116272912851,Marketing,Not Placed
Female,87.8703277910863,76.50996815059511,68.74202683567628,Marketing,Not Placed
Female,60.1810466038616,97.57054073082037,86.4507755168246,Finance,Placed
Male,78.31558027771649,95.51979228824675,63.04620042388009,Finance,Not Placed
Female,59.29083741129978,79.23314319446983,61.492476389684064,Finance,Not Placed
Female,55.23680533406466,65.17744253268536,69.88336169657771,Marketing,Not Placed
Male,55.82793062147993,66.4980441884598,89.36824072984126,Finance,Not Placed
Female,67.88195174241093,94.89567757430137,95.54916765812533,Marketing,Placed
Male,50.23274184185917,74.58920178177885,51.56462639548869,Finance,Placed
Male,71.24269606008448,56.55581144835728,58.25540636859601,Marketing,Not Placed
Male,83.20985525405746,62.42127379868037,97.93006445734538,Finance,Placed
Male,70.08440925019943,63.83974507337496,79.63956457744843,Marketing,Placed
Female,54.28973002599176,56.177334246595464,77.57051345769099,Marketing,Not Placed
Male,53.13444310118203,73.15221907606457,90.67718396419974,Finance,Not Placed
Male,63.90582563824309,95.80254541374956,51.98916490142224,Finance,Placed
Female,58.465634527180036,83.43912714961304,50.69181255864874,Finance,Placed
Male,98.25474866089847,53.62369621244281,98.37470248507958,IT,Placed
Male,57.56151124870425,50.27474089045813,91.42853427863406,IT,Not Placed
Male,90.27312187024984,63.812383373462715,87.36908907791343,Finance,Not Placed
Female,79.30539708705723,68.13464673969702,57.785038507243335,Finance,Placed
Male,78.46434599921471,88.83748345233879,73.830196152163,IT,Not Placed
Female,75.60403579618924,98.35027619651834,96.86467692829237,Finance,Placed
Male,98.58815380569754,69.37835867117718,96.67997978119773,Finance,Not Placed
Male,68.1922387545819,84.33450149084305,50.46235534897644,IT,Not Placed
Male,89.39578754769381,99.74509536764816,87.62457045030787,Marketing,Placed
Male,77.76470537334798,87.28332919375072,50.31188832233552,IT,Placed
Female,69.78168338128631,81.80947745429222,99.21508638352782,Finance,Placed
Female,97.77329666528905,53.90374270891522,70.84836009978493,Finance,Placed
Female,79.91579846823436,66.1607600597365,98.67593789900499,Marketing,Placed
Male,55.94584710730068,95.66960792285785,68.38734045153188,Finance,Placed
Male,70.87696004984284,60.050274084045284,64.65936452867106,Finance,Placed
Female,89.07908638408038,92.1795179636604,65.81459819173024,IT,Not Placed
Female,84.68735116196069,84.81618425402527,86.5339533319295,IT,Not Placed
Male,95.81701649182871,68.31621854153774,59.98364169650985,Finance,Not Placed
Female,62.96886920707601,76.45871348563283,93.20288458963253,Finance,Placed
Female,87.90968581769118,77.14032343764067,79.52863468133711,Finance,Placed
Male,72.99376036972605,85.70268925369432,98.49555129746349,Finance,Placed
Female,78.68048734834078,75.8277970549598,99.35424517430744,Marketing,Not Placed
Female,97.75233405031415,56.65379950920831,59.25910006510727,IT,Not Placed
Male,98.96431599945888,88.67273357609562,97.78910267880089,IT,Placed
Female,93.07954819627818,70.31362484530594,52.326924318959186,Finance,Placed
Male,67.95485438651481,98.15469451059636,51.393186206155285,Finance,Placed
Female,94.38504178636599,64.17568911465172,97.1932288664276,Finance,Placed
Female,81.93045888207065,63.153939014829234,98.11983687249966,IT,Not Placed
Male,71.49983902353566,66.67536978375912,57.362383633599485,Finance,Not Placed
Male,51.78713412502419,78.61585079793127,72.12079076944991,Finance,Placed
Male,88.50640620957911,94.74348701004911,74.70462639940912,Marketing,Not Placed
Male,75.10527903620564,58.81408200700074,93.01406182591522,IT,Not Placed
Female,89.30942497325304,63.983939879961014,81.39586215980844,Marketing,Placed
Female,87.40113996716349,79.08399215739308,88.72832121008076,Finance,Not Placed
Male,89.67836840241759,72.71671210807575,74.25484227156454,Marketing,Placed
Male,65.03255793483834,72.36614436278626,82.4206851120914,Marketing,Not Placed
Female,90.03992995338155,91.03671310482034,86.77046800129293,IT,Not Placed
Female,77.44231642330837,96.19391512556805,86.89406419586507,Marketing,Placed
Male,73.66631002245717,74.06534830349409,50.08689133923362,Finance,Placed
Male,83.75629569103785,84.36758977236369,54.99540368650303,Finance,Not Placed
Male,51.067934146917416,90.0529355513697,68.1830220552208,Finance,Not Placed
Female,55.11584079437971,75.91832051935819,53.05987235517709,Finance,Not Placed
Male,64.6088682583761,64.71582044768677,69.14948511838585,IT,Not Placed
Female,99.14950549789198,81.9042298861142,69.4783424236096,Finance,Not Placed
Male,56.98728894324775,79.25545501530296,96.01167686388698,IT,Placed
Male,66.52981503796052,95.07814098698051,78.35359274473454,IT,Not Placed
Female,52.55265323459618,52.6203518384928,85.31756402668292,IT,Placed
Male,66.56344401463632,95.50656935667334,94.35993410431142,Finance,Placed
Male,66.01631432554157,76.72160140826799,72.10646603246587,IT,Not Placed
Male,97.34035854722612,50.7838058024957,50.09810722986911,Marketing,Not Placed
Female,92.25770434978602,67.2351089383894,64.26680123127069,Marketing,Placed
Female,69.13821096213857,86.21667819376599,90.70793500187435,Finance,Placed
Male,51.23845290196243,74.42165439679165,95.09205849000374,Marketing,Not Placed
Male,91.55155569976891,99.00795187204963,67.57547905591105,Marketing,Placed
Male,83.02680885722701,71.13050369155243,64.69956264895242,Marketing,Not Placed
Female,57.618224182565484,66.33176148130039,96.22526055343667,Marketing,Placed
Male,99.80356355050935,91.08359672147841,67.553686799139,IT,Not Placed
Male,55.011671871206154,77.39533496790156,82.61225940383292,Marketing,Not Placed
Female,93.35572707968313,84.11632895312795,64.01546175252817,Finance,Placed
Male,64.71330820648444,90.28511690193388,54.89593993953707,Finance,Not Placed
Female,71.76767331625786,83.57137730628102,75.06181558930066,Marketing,Not Placed
Male,89.77282633881573,71.12037473843323,96.16159185590837,Marketing,Placed
Male,83.87541779970051,56.239822394715034,80.93203769636526,Marketing,Not Placed
Female,96.89321872220196,79.01240832856503,60.44133123918672,Marketing,Placed
Female,81.05701627301916,94.87166633646298,84.12147866838066,Marketing,Not Placed
Male,54.89050807395264,70.94462132592075,88.41805720488162,IT,Not Placed
Male,94.21801816209751,95.53626174214202,66.03802809574793,Finance,Not Placed
Female,88.45777624942956,75.17639098912011,77.96047007155192,Finance,Not Placed
Female,85.5935225446661,81.04207812212383,84.09765657336612,IT,Not Placed
Female,52.68667736768677,91.64942380278214,58.01765726902441,IT,Placed
Male,69.81113723308721,78.22985548203607,98.20504698862312,IT,Not Placed
Male,58.37179097297696,54.54846696477817,72.5625980724921,Finance,Placed
Male,91.09519542039345,99.04897004001975,98.98321952360331,Finance,Placed
Male,85.02643114089314,62.29246509564169,59.478693292224754,Marketing,Placed
Male,94.15387986595675,85.52526643150992,74.18867731548222,IT,Placed
Female,98.3287553462082,75.25567193088693,58.29268268379188,Finance,Placed
Male,88.73738070962493,73.9386318408854,50.50904111919694,Finance,Not Placed
Male,99.7116541610381,62.197040943344575,61.89375862876014,Marketing,Not Placed
Male,80.73849430721495,86.1075382850052,70.15936685340417,Marketing,Placed
Male,51.85648019457239,55.63941324154936,71.55653688621179,Finance,Placed
Male,50.71257575751479,99.52266546807425,94.32525775521023,IT,Not Placed
Female,67.10519376018944,92.26867685536018,81.7838631940421,Marketing,Not Placed
Female,91.17358595337686,76.7254470002896,71.72208276092651,Finance,Not Placed
Female,93.30673531623654,71.22764780290048,99.39988498049064,Marketing,Placed
Female,98.0406264411339,64.32323162299338,80.71121658133428,IT,Not Placed
Female,53.25607342744092,75.07957354703838,66.13314824924858,Finance,Placed
Male,52.2285555493832,93.97087310120841,84.56554406053974,IT,Placed
Male,95.66417981835168,63.75032003503418,74.78499613415025,Marketing,Not Placed
Female,65.25233491814308,75.02687294015679,94.0583847034086,IT,Not Placed
Female,77.89937003048163,61.72749510335154,94.82556310316606,IT,Placed
Female,99.1222441500355,66.85745568324758,68.36752000605848,Marketing,Not Placed
Female,70.02242673679616,59.51302544616662,78.1169525430072,IT,Placed
Female,83.29356991549199,99.5269596960594,63.28867220231527,Finance,Not Placed
Female,70.04397818159927,78.57487232312278,81.3318375871275,Marketing,Not Placed
Female,88.40973322313899,86.64075620183478,99.61734811598373,IT,Not Placed
Female,76.3857362786433,54.912495672601835,91.6294258911092,IT,Not Placed
Male,61.876156899317486,68.30587750371579,68.32049501514126,Marketing,Not Placed
Male,63.565305062923315,94.63199015236607,54.769017599674626,IT,Not Placed
Male,62.90296062692036,54.2219163211974,98.33409936867571,Finance,Not Placed
Female,76.61601641292805,58.27416141698066,69.47923893388601,Marketing,Placed
Female,85.15945080078322,81.27088051755842,64.66904466334076,Finance,Not Placed
Female,97.4639950021571,81.13944970521126,65.81676964527838,Finance,Placed
Female,84.70436875414899,91.91135222269648,74.49616833194233,Finance,Not Placed
Male,89.05964219811953,96.77463819357106,97.83756993745003,Marketing,Not Placed
Male,58.446305793228284,57.09932377126319,99.33111606667457,Marketing,Placed
Female,68.70313125036628,62.96869092634997,64.80633636761978,Finance,Placed
Male,70.6890109929133,71.37307028466279,67.57343538737425,Marketing,Not Placed
Female,84.31901150002365,50.04516427606248,75.59032800330185,Finance,Placed
Female,64.79459881884368,53.490715147984744,50.4093644314868,Finance,Placed
Female,65.16459607098331,61.32456389705108,58.74182816220546,IT,Placed
Female,67.79445773204341,74.05509820079058,96.80295102524032,Finance,Placed
Female,90.51510407716161,62.57613690843064,51.47176185306806,Marketing,Not Placed
Male,78.87950450216744,93.83409461115241,55.04881398602719,Finance,Not Placed
Male,53.763863991636725,66.21364377710056,71.03235085168593,Finance,Not Placed
Male,53.91230498452344,96.23114060713144,86.57251245795061,IT,Not Placed
Male,68.56434721412496,98.7393630367355,63.44391151951743,Finance,Not Placed
Female,88.32955253030792,72.49307669537893,65.29827952769455,Finance,Placed
Male,84.43417132393402,61.35644084496618,65.27364900621933,IT,Placed
Male,85.39911773255933,64.58330667115017,93.63009633768033,IT,Not Placed
Male,88.36050330270484,88.8166840829723,61.304880311370894,Marketing,Not Placed
Male,64.35763564431647,63.667485389629555,78.12009130065951,Finance,Not Placed
Female,77.4128140971044,69.02914339601423,99.9965573509408,Finance,Placed
Female,77.16763201583848,73.92879292409249,86.42327474465091,IT,Not Placed
Female,86.98162505899747,78.75555582349921,66.8175327648463,Marketing,Placed
Female,97.84352845528232,99.80502201506191,88.27294851662047,Finance,Placed
Female,63.8994972397733,61.610487758179616,97.69578536928044,Finance,Placed
Male,89.6640836378524,67.67118516240845,68.67689035762922,IT,Placed
Female,82.99852742616312,63.14455885052555,85.40056200346653,IT,Placed
Male,79.011893543173,68.05567183218551,53.790213155969454,IT,Not Placed
Male,88.74398896737009,55.040225844731026,94.76484183770708,Finance,Placed
Female,97.20162332140497,67.99048836205236,54.8128362312156,Finance,Not Placed
Female,51.83457089347065,94.39325157321943,68.64625481307974,Marketing,Placed
Female,57.37000512566103,64.92949239232246,77.12529214311178,IT,Not Placed
Female,87.81436157505578,68.59673899245344,63.17888212251094,IT,Placed
Female,54.189567645504226,97.22370822189673,82.46346629935888,IT,Placed
Male,75.80618503705466,86.4189498163434,77.72143636962058,Finance,Placed
Male,60.993038832080344,75.83693574090242,85.85926201490531,Marketing,Placed
Female,63.714785192137576,88.85963642017202,67.70696825610804,Marketing,Placed
Male,85.09202414722081,56.1589824427252,77.30069448263367,IT,Placed
Male,51.50963866343558,73.22451766104211,90.60927000906145,Finance,Placed
Female,93.66597139509518,55.91180643679331,90.53481730007277,IT,Not Placed
Female,72.2239477676135,61.680907250979004,85.71199874259408,IT,Not Placed
Female,75.11966469535506,57.09336298701293,77.09679448074897,Marketing,Not Placed
Male,77.0023981846846,68.09006195845697,83.66305503872476,Marketing,Placed
Male,82.2772147289747,69.0819660197963,54.34401450560254,Finance,Not Placed
Female,67.2428293311374,97.36542909166204,73.56586003553663,IT,Placed
Female,55.05537452817457,63.206286559376466,93.00717501523245,IT,Not Placed
Male,65.91894683330882,73.62144226582583,80.36824108633212,Finance,Placed
Male,58.407105901141016,90.56897019817433,97.08415529125449,IT,Placed
Male,77.80665897252369,90.78087932183308,63.10892606470405,Finance,Placed
Female,65.90143154801932,87.51715935175102,54.81509010553877,Finance,Not Placed
Female,97.90335889967174,64.39168810700365,81.33067178019434,Finance,Placed
Male,98.28671389901403,74.74858097056784,54.54629649101902,Marketing,Placed
Female,81.00629402841207,59.310579759336164,89.10676817122079,IT,Placed
Male,80.8748633833643,59.41997613914021,62.83712040745286,Marketing,Not Placed
Female,99.26892822835529,71.79206065691554,76.93759292218283,Marketing,Not Placed
Male,94.3641575617593,86.92961106214705,90.56885201508062,Finance,Not Placed
Female,88.253497457907,76.3292129998919,89.401768435015,Finance,Placed
Female,65.67953058713506,94.33416104237261,74.79875135396043,IT,Placed
Female,68.27695140590382,91.5454398888788,98.79232066577364,Finance,Placed
Female,60.06333828804327,51.58027214102028,74.88165785454203,IT,Placed
Male,74.35740634586872,78.4209521433108,63.93957083455277,IT,Placed
Male,99.51842610697898,80.45806321778215,65.12156222758433,IT,Not Placed
Male,95.60754765057945,98.07875721500407,87.1821361938635,IT,Placed
Female,55.91747170097345,51.16183133544309,71.85535194452969,IT,Placed
Female,51.25951446452531,76.55518854843145,70.93942423927452,Finance,Not Placed
Female,94.9318834204133,60.23906809679262,51.02432976349672,Marketing,Not Placed
Female,76.85850639743538,52.683145314579455,65.26390802105246,IT,Placed
Male,60.00949441042281,79.37442623658616,93.01915399208033,Marketing,Placed
Male,83.68266347923176,88.63020718164012,90.17522491135735,IT,Placed
Male,82.211158896491,88.7432724612594,87.325542999133,Marketing,Not Placed
Male,56.10428034182336,51.514420507795336,51.156419333786,Marketing,Not Placed
Male,62.98001167488098,70.34732001357946,51.349514571584656,IT,Not Placed
Male,53.0038982156629,52.22548135743102,65.57324796954413,Finance,Not Placed
Female,60.4930236935071,62.391932349538486,73.72266361090666,Finance,Placed
Female,56.61528374265315,59.64403513789742,95.48706339931348,Finance,Not Placed
Male,59.66181462372781,60.75912896210786,69.23149080027697,Finance,Not Placed
Female,84.27335729565584,66.95592070172643,64.42625014314464,Marketing,Placed
Male,52.47498721305339,63.87090209179991,78.55764841523563,IT,Not Placed
Male,55.092730762410824,98.11399556637991,95.73471497748473,IT,Not Placed
Female,56.70868190391438,67.6203560004691,86.9319355731125,Finance,Placed
Male,65.8270560479067,94.70862576464859,92.83331409896553,IT,Placed
Female,64.93751554259704,59.05208357604626,59.10988224615164,IT,Placed
Male,62.75318926583197,88.1873433594107,56.283222265689616,IT,Not Placed
Male,87.52683267162081,53.06727680123214,77.20355668444465,Marketing,Not Placed
Male,99.90113938790503,73.13806147346706,84.8685412858625,IT,Not Placed
Male,76.69889618143979,50.275522011776296,97.7494024081266,IT,Placed
Female,97.2101358956971,90.5145381534718,68.57672042282394,Finance,Not Placed
Male,69.83050560630323,97.5243018018892,67.32784261018483,Marketing,Placed
Male,55.33412234013567,51.755368541357285,75.79271489507923,Marketing,Placed
Female,70.43869147349187,96.69231807366572,84.24689683533543,IT,Not Placed
Female,64.80638867073466,88.69269457456764,78.30118885576516,IT,Not Placed
Male,74.6703481144589,67.94307893963978,86.1515346666298,Marketing,Not Placed
Male,82.85218384582116,95.44382756114027,69.01574685562451,IT,Placed
Female,73.05251095762041,64.81286356254505,93.10988150926208,IT,Not Placed
Male,96.75802560389127,70.4647656117381,59.148779679197986,Finance,Not Placed
Female,94.23824111496899,54.83556310960108,65.79523214141639,Marketing,Placed
Male,85.09887975830986,82.8469480950072,88.68388318851586,Finance,Placed
Female,74.48424561822746,51.48004143711359,66.78361269896979,Finance,Placed
Male,56.58436409072284,74.24526375995185,83.40773011850075,Finance,Not Placed
Female,69.85068333888167,84.15959251262669,64.38988046364804,Marketing,Placed
Female,85.22007697005868,91.06188004745555,59.35521712166464,IT,Not Placed
Female,64.24427602768655,57.49706948108311,65.03662819765769,Finance,Placed
Male,55.19940387717102,87.70451831243588,94.349664851894,IT,Placed
Female,95.3949228755314,85.95385117775149,73.0441564345856,Finance,Placed
Male,85.45254049077724,77.97852670598921,61.27075768691142,IT,Not Placed
Female,80.76382133175485,79.23222988939321,66.0719294582522,Finance,Placed
Female,89.62494528044583,54.563536042838905,50.1385478312841,IT,Not Placed
Male,91.78230187917379,80.02355216201902,87.79041438785143,IT,Not Placed
Male,74.17294990855117,69.07611035354162,61.28387262164009,Finance,Not Placed
Male,94.059412570472,93.37904256708235,79.89605201352512,IT,Placed
Female,95.82095053505527,65.6549440867995,51.255476908857155,Finance,Not Placed
Female,63.57755477123907,78.82975386817623,91.72492159867588,Finance,Placed
Male,80.37726798953972,71.32856998505972,59.37223768181776,Marketing,Placed
Male,76.32920144102346,93.81309691251565,50.2384188882135,Finance,Not Placed
Male,76.89728895759512,62.69583334945945,65.05939041827128,IT,Placed
Male,96.88315469822811,53.94011801547302,96.02435594186359,IT,Not Placed
Male,65.25943513465145,87.43278604915699,63.13071090223179,Marketing,Not Placed
Male,99.17169891172881,70.64483084541607,75.17394190589556,Marketing,Placed
Female,95.1065607402116,79.45491795631457,70.36149221788521,Finance,Placed
Male,72.93614443067513,51.319466585667556,64.71246291660434,IT,Placed
Male,90.87266318090832,97.6054895698701,96.36767893007854,Marketing,Placed
Male,88.45234971600703,93.88091886924883,89.44974540268633,IT,Placed
Male,83.89474848092607,81.19339502886388,88.09566576869287,Marketing,Not Placed
Female,65.99169446915772,50.8514921056309,76.305356224062,IT,Not Placed
Male,59.8225495910477,68.89882369914383,91.24308368649186,IT,Placed
Male,83.57638483828791,98.93982688710744,72.92143291056269,Marketing,Not Placed
Male,92.14866482005421,84.06651793701172,73.25947752357779,IT,Not Placed
Female,50.81263943386848,58.049393065670955,74.6887031706732,Finance,Placed
Female,82.1401687654256,73.02983743272503,61.84551126122855,Finance,Not Placed
Male,72.14365123111062,98.3368871921743,96.18259296934949,IT,Not Placed
Female,94.90438775634918,76.73540872082967,62.93753374392746,Finance,Not Placed
Male,66.07364654271026,51.230726401491225,59.90797499697325,IT,Not Placed
Male,73.7092406131811,80.98860421379888,62.187589666579264,Finance,Not Placed
Male,75.73835520175932,63.56082654655799,90.86760582829694,Marketing,Not Placed
Female,57.02197606855265,54.94229759384522,88.42728188381808,IT,Not Placed
Male,85.64461513494533,70.14542223659465,71.35534042280341,IT,Not Placed
Male,91.52381725604798,77.92615487161224,50.689095231229125,Finance,Not Placed
Male,52.89546384481301,50.852035902390135,98.78675166254428,Marketing,Not Placed
Female,64.56944102684514,77.95234043179738,56.626548874518164,IT,Not Placed
Female,51.9022340767529,75.56015734198186,92.57113382961197,Marketing,Not Placed
Female,97.82720523441212,89.69541915493801,89.08615433153761,IT,Placed
Male,83.35844103519118,71.17749084076986,96.90378908556825,Finance,Placed
Male,98.21002097273907,77.67252148349431,88.66992695426444,Finance,Placed
Female,76.57471391656539,87.10046520285631,66.56857954135143,Marketing,Not Placed
Male,90.1034261947807,94.85729358909728,61.59570217070847,Finance,Not Placed
Female,68.720699193987,69.00172880118437,68.88454102032074,Marketing,Placed
Female,67.69095162863205,80.08167478915732,60.15435852583373,Finance,Not Placed
Male,68.91339085525664,84.73054517081908,85.97873738724755,Marketing,Not Placed
Male,82.8931066863214,52.16353382210981,91.32593162470553,Finance,Placed
Male,67.9726575510826,90.03802542430674,82.32194461986239,Marketing,Not Placed
Male,95.01837258021128,68.8715092607697,59.304636565455105,Finance,Not Placed
Male,99.16374325250777,83.51194707218049,51.86923555143228,Marketing,Not Placed
Male,51.521325766850296,73.58320331024746,79.02006334284823,IT,Not Placed
Male,59.681164520124824,85.11695713458536,73.13365525398068,Marketing,Not Placed
Male,55.612499629369296,86.21654896178894,59.98519640995162,Finance,Placed
Female,52.11820235457216,59.57855067432337,68.40419511101456,Finance,Not Placed
Male,61.38704966736432,83.10871171432252,77.07331278044767,IT,Not Placed
